{
    "train_loss": [
        0.35068135603597966,
        0.2683316645235013,
        0.23885451280007697,
        0.21940166557670399,
        0.20227308493131285,
        0.1865169859748737,
        0.1723681030493633,
        0.16005608487850542,
        0.14937386711122125,
        0.14006223558620282,
        0.13244350091856755,
        0.12594538942833616,
        0.1204698106096049,
        0.11540718841894416,
        0.1111438777463831,
        0.10726527142296931,
        0.10374810530976125,
        0.100703864127967,
        0.09800809672209108,
        0.09526004163512758,
        0.09313723210506379,
        0.09067561684330558,
        0.0889596883074683,
        0.08711801819550763,
        0.08546667187456872
    ],
    "val_loss": [
        0.29224394858946556,
        0.261110663024197,
        0.25025823412908244,
        0.24617459117374013,
        0.245546095206111,
        0.2487162948717827,
        0.2550589234416465,
        0.26316529007431444,
        0.27312350678883324,
        0.28554135312932,
        0.29729624489470696,
        0.3074162321765414,
        0.31945417217210414,
        0.3280507805585578,
        0.34203259297840377,
        0.3519868345734055,
        0.3640462690244532,
        0.37680929920477757,
        0.3884615596033872,
        0.3966878846411756,
        0.4023827323590391,
        0.4177019212851201,
        0.42153675042704086,
        0.4343624866958464,
        0.43928168581158594
    ]
}