{
    "train_loss": [
        0.519519475453876,
        0.44169391736681873,
        0.435102182469471,
        0.43267900671973325,
        0.43094353701324883,
        0.4286126562282301,
        0.4266262503372812,
        0.4240602279544938,
        0.4193128452027064,
        0.4097964341331271,
        0.39812495427778094,
        0.39048283116848165,
        0.38669351700312077,
        0.3830578096390945,
        0.38029858096486735,
        0.37737900923845197,
        0.3748199535842845,
        0.371282028371808,
        0.36836374143241546,
        0.3649830001596425
    ],
    "val_loss": [
        0.4310321664704138,
        0.4224834322620092,
        0.4219687548365922,
        0.42129054124307597,
        0.42175857732700717,
        0.4224616596219803,
        0.4219079036417495,
        0.4223904929574637,
        0.41789906613909816,
        0.40606823128360214,
        0.3973508965226789,
        0.3958563869466951,
        0.3930716636315198,
        0.39291362595876295,
        0.38955883425505095,
        0.3879982579010694,
        0.38603876057247305,
        0.38618883214410454,
        0.3823937751833291,
        0.3799732930024877
    ]
}