{
    "train_loss": [
        0.5533319242862251,
        0.4519000743993588,
        0.44028559118717703,
        0.4353384901138907,
        0.4331144032702655,
        0.4302370517176575,
        0.42767278588621466,
        0.42579155571128785,
        0.42408635706486253,
        0.4217065106568182,
        0.4197227062215793,
        0.418084248729898,
        0.41580871381315543,
        0.413379902397836,
        0.4113000992635823,
        0.4086688291245938,
        0.4052142415619624,
        0.40147416315409157,
        0.3963157077522999,
        0.39022311942447013,
        0.3834495953860286,
        0.377099062065675,
        0.3721724425768746,
        0.36857972993679433,
        0.36559680360028946,
        0.3627334329461263,
        0.3602569061559397,
        0.35796060424016224,
        0.35565955335841537,
        0.35387722663794513
    ],
    "val_loss": [
        0.44241020635322287,
        0.4277562689781189,
        0.4233914492306886,
        0.42243107230574994,
        0.42280600327032586,
        0.42340787693306253,
        0.42318636563089157,
        0.4229077102961364,
        0.4237504843429283,
        0.425361128559819,
        0.4254691524858828,
        0.4254444053879491,
        0.4250979189961045,
        0.42573045907197177,
        0.4238825822318042,
        0.42392677360110814,
        0.4244007929166158,
        0.41743262502882217,
        0.41614850887545835,
        0.4083245707441259,
        0.4023109389234472,
        0.3992879206604428,
        0.3953638024683352,
        0.39268632809321086,
        0.39127574721972147,
        0.3883677784601847,
        0.38855478414782774,
        0.385811728503969,
        0.38727672819738035,
        0.38731310654569556
    ]
}