{
    "train_loss": [
        0.3617945702516349,
        0.32128986184004765,
        0.2944655582935187,
        0.2742518044619044,
        0.2618207783380132,
        0.25374669988823545,
        0.2467852356935003,
        0.24031578569655207,
        0.23458650869169054,
        0.2301613189877978,
        0.22589897610958973,
        0.22210315139050696,
        0.218667652477884,
        0.2155357005717648,
        0.2123824874003222
    ],
    "val_loss": [
        0.3216520579759913,
        0.30369249452237707,
        0.2807664045716296,
        0.2676355011149904,
        0.26175925846119696,
        0.2582008914488249,
        0.2556127551832324,
        0.25365138877798915,
        0.25250296250393217,
        0.2522658518073675,
        0.252340794849906,
        0.25242328546347714,
        0.25311520791365616,
        0.25302702461354937,
        0.252992623697138
    ]
}