{
    "train_loss": [
        0.551807506925273,
        0.45728770407119224,
        0.44411232497232855,
        0.4372652072722337,
        0.4320532085027046,
        0.42715691361583424,
        0.42207908623739937,
        0.41752238443757195,
        0.41233262561796885,
        0.4069471743954873,
        0.4007513830313922,
        0.39434269082940315,
        0.38728697149903624,
        0.37950641997703227,
        0.3719370634083678
    ],
    "val_loss": [
        0.4539497012562222,
        0.43470963464842904,
        0.4301384222065961,
        0.42792304935278713,
        0.4268209566451885,
        0.4285762288393798,
        0.43105580298988905,
        0.4322304646615629,
        0.4374339881208208,
        0.44100036528375414,
        0.4438659918749774,
        0.4480831607182821,
        0.4510347450221026,
        0.4523969098373696,
        0.45658410006099276
    ]
}