{
    "train_loss": [
        0.5457017817555229,
        0.4503579062503838,
        0.4378497791864352,
        0.4312965268504824,
        0.4255286898068463,
        0.42029410153532665,
        0.4142938869077539,
        0.407073071509486,
        0.39834963737288936,
        0.38809880948917397,
        0.37765912060108975,
        0.36734047194602987,
        0.3572249171067709,
        0.34892748778440813,
        0.34108141103246675,
        0.3344565287057147,
        0.3280929459255362,
        0.3224437386294838,
        0.3176220553345121,
        0.3130946733147493,
        0.30882997831207737,
        0.3049778290239778,
        0.3016956486423646,
        0.29835402489523183,
        0.29549701872073914
    ],
    "val_loss": [
        0.44972881650465163,
        0.4301698350791493,
        0.42686222644979815,
        0.4256590622013988,
        0.42785163350773353,
        0.4285130961414971,
        0.4314647390057724,
        0.43218183970345314,
        0.43263691573164215,
        0.4315916573099952,
        0.42628063050528825,
        0.42416950353346017,
        0.4207493825984761,
        0.41613537987750754,
        0.41490423915737906,
        0.41097925363689813,
        0.40766463548585696,
        0.406550741454157,
        0.4056697609448451,
        0.40431554396785213,
        0.4031729346584443,
        0.40295579664966985,
        0.4027738127777363,
        0.40118051753873024,
        0.39978805204247264
    ]
}