{
    "train_loss": [
        0.5404697516050903,
        0.4488373364440893
    ],
    "val_loss": [
        0.44707983813964497,
        0.42814292796812203
    ]
}