{
    "train_loss": [
        0.3519796962942465,
        0.32894054866054284,
        0.30959866592414453,
        0.2987038411142143,
        0.2906238713307295,
        0.28431752157417856,
        0.27962009613491773,
        0.27624962297286604,
        0.2734877571932509,
        0.2712160957449636
    ],
    "val_loss": [
        0.3235816022782065,
        0.3075494575053985,
        0.2940101104209312,
        0.28412622700619217,
        0.2794181091110715,
        0.2739903562913752,
        0.2710149121358902,
        0.2678180198394444,
        0.26563833630007033,
        0.26397446011426756
    ]
}