{
    "train_loss": [
        0.5336481866397754,
        0.4427537080764922,
        0.43503122135892613,
        0.43199535325235877,
        0.429811821827749,
        0.4278026564592627,
        0.425228155604685,
        0.42286025477456046,
        0.4200713871223337,
        0.41712215358068133,
        0.4136430573023889,
        0.409211306712541,
        0.4044632466162987,
        0.3991930525790182,
        0.3933092509002649
    ],
    "val_loss": [
        0.4348029731821131,
        0.42346039039117317,
        0.4224315897623698,
        0.42232668903138904,
        0.42253131610375866,
        0.42317363412291914,
        0.42398766102614227,
        0.42322397324774,
        0.42287727223502264,
        0.4231168661735676,
        0.4224755807717641,
        0.4198242512897209,
        0.4174333017843741,
        0.41440623146516303,
        0.4114532200936918
    ]
}