{
    "train_loss": [
        0.5348378339544346,
        0.4522161878555426,
        0.4380789642179005,
        0.4079473838352202,
        0.3820073790516697,
        0.36443385243823173,
        0.3510255446279799,
        0.33988871902123197,
        0.3310919936701362,
        0.32425130252683154,
        0.31852404814680063,
        0.31374794725288424,
        0.30979995425726603,
        0.3064104626470323,
        0.30295217011149944,
        0.300293788806466,
        0.2977765264357834,
        0.29554183647339693,
        0.29284970677124417,
        0.2909470215932397
    ],
    "val_loss": [
        0.44700577156997945,
        0.4330946676946729,
        0.4232150890634535,
        0.4086043166840315,
        0.3994849041004902,
        0.39419220546999184,
        0.38781094389813664,
        0.3812001656058808,
        0.37879691593862624,
        0.3762284843810317,
        0.37461174274480635,
        0.3730533912590117,
        0.37294154667783613,
        0.37293788673614375,
        0.3723727548736568,
        0.3729375112799029,
        0.3722082497434673,
        0.37327760006207905,
        0.37367875414525603,
        0.37448656190051427
    ]
}