{
    "train_loss": [
        0.5086868073594699,
        0.4273866389920131,
        0.41943442750454557,
        0.4155348583402258,
        0.4114640235938771,
        0.40589215473354207,
        0.39768465575676243,
        0.3854897575570153,
        0.3698691078150871,
        0.35605000982088264,
        0.34550995802659556,
        0.3367456874779964,
        0.3292857011885531,
        0.3225926130924798,
        0.31674407905196206
    ],
    "val_loss": [
        0.4360822937223646,
        0.425462271504932,
        0.42400117251608105,
        0.4234896801136158,
        0.42442787528038023,
        0.42669571139194346,
        0.42430464779889143,
        0.42095319134217724,
        0.41182081951035393,
        0.41018106685744393,
        0.41157092730204264,
        0.4159015974733565,
        0.41681960150047587,
        0.4198386141105934,
        0.42292379321875395
    ]
}