{
    "train_loss": [
        0.5006235284884089,
        0.3731670587317391,
        0.35666638481113166,
        0.3514522574782788,
        0.34799669448595255,
        0.3443198340551642,
        0.34012638977076237,
        0.3352722593260296,
        0.3300173224666439,
        0.32410605584188684,
        0.317974264617189,
        0.31159869597323325,
        0.3048430769631777,
        0.29778264065204746,
        0.2905882336353172
    ],
    "val_loss": [
        0.39553407236381816,
        0.36824332577210883,
        0.3651345313478399,
        0.36260827510445204,
        0.3653157314547786,
        0.3686886147437272,
        0.3698852172604314,
        0.37388638231489396,
        0.3777679057916005,
        0.3831424018630275,
        0.38912396947542827,
        0.3947831454100432,
        0.4013050611813863,
        0.4083310636326119,
        0.41362289596486973
    ]
}