{
    "64": {
        "train_loss": [
            0.4631562971102609,
            0.377986917296335,
            0.34388024260896416,
            0.32305338196234423,
            0.3080831862663437,
            0.2966837532270698,
            0.28742235558026835,
            0.27943202285040547,
            0.27306441164438244,
            0.2677288593992999,
            0.263311721575156,
            0.25949270411064856,
            0.2560036283550302,
            0.25282521486566517,
            0.25023007008129045,
            0.24796920350360926,
            0.24582477792842927,
            0.24331009150007246,
            0.241512698353663,
            0.2399343243896677,
            0.2385698947692893,
            0.23678788943752724,
            0.23526722139068004,
            0.23415114684626134,
            0.23310064227040153,
            0.2317933140862045,
            0.2309714745450432,
            0.22978107284933602,
            0.2290427080564642,
            0.22769581856362206
        ]
    },
    "128": {
        "train_loss": [
            0.4760808792635952,
            0.38272902355765415,
            0.343961535778501,
            0.3179895875517598,
            0.2973779646572316,
            0.2813016974133224,
            0.2689738938714862,
            0.25916259404554215,
            0.2506921443867414,
            0.2438269774137213,
            0.23816667745313413,
            0.2330718684071921,
            0.22868892193863508,
            0.22444150548433625,
            0.22121501445116726,
            0.21779237154574646,
            0.2147636214647387,
            0.21211623611310773,
            0.20987037090081753,
            0.20765823490968593,
            0.20618497869172991,
            0.20341659596803438,
            0.2022047251363485,
            0.2004578059875736,
            0.1990538579562018,
            0.19764180492444577,
            0.1960733013271092,
            0.19447215243785668,
            0.1941442644780322,
            0.1926272971327385
        ]
    },
    "256": {
        "train_loss": [
            0.48188955190259763,
            0.3986643464992567,
            0.3583710417127776,
            0.3339291975011059,
            0.3154563580547623,
            0.2999231189555655,
            0.28737556611427173,
            0.27740591625950245,
            0.26945251678621196,
            0.26255453861646133,
            0.25640922865300925,
            0.2514235628221313,
            0.2470377930855804,
            0.24322984421825197,
            0.2397150508432037,
            0.2363379261997112,
            0.2335685403395502,
            0.2309496373406925,
            0.228705116508876,
            0.22670530448755008,
            0.224446667506841,
            0.2224719901434535,
            0.2205135420409884,
            0.21898544021720237,
            0.2181256724480678,
            0.21624649995076758,
            0.21484089988420832,
            0.21331838044640675,
            0.21202701709698146,
            0.21131671726476361
        ]
    },
    "512": {
        "train_loss": [
            0.4925755474815829,
            0.41183694004255145,
            0.375300333774832,
            0.3492636551661594,
            0.327704375361245,
            0.3082323409853624,
            0.2914396032047241,
            0.2764601034350135,
            0.2640938047589462,
            0.254203296080705,
            0.24630416762154772,
            0.23876928721745103,
            0.23269450045374176,
            0.2274042806544328,
            0.2226077533756611,
            0.2190515958388091,
            0.2149407288019357,
            0.21166858543775588,
            0.20885062450602215,
            0.20545808390597073,
            0.20292634708189147,
            0.19991909445581776,
            0.19778214211858516,
            0.19600687122973584,
            0.1940189391810073,
            0.19217088007695945,
            0.19059593161376337,
            0.188848274919705,
            0.18767070287443327,
            0.18610481148185692
        ]
    }
}