{
    "8": {
        "train_loss": [
            0.4770212691273122,
            0.39989002851448774,
            0.3628658970195463,
            0.343589352833037,
            0.3313990097588241,
            0.3222093136657616,
            0.3146413018337668,
            0.3087936015087793,
            0.3038871949794617,
            0.2995019784469815,
            0.2961754277999689,
            0.2933449354712391,
            0.29036527847459465,
            0.28822363921583655,
            0.2866124098940834,
            0.28455119034349113,
            0.28279908462215186,
            0.2812453827024662,
            0.28028033442419964,
            0.27936834705457503
        ]
    },
    "16": {
        "train_loss": [
            0.4728023086909969,
            0.38992610829027663,
            0.3448230972989799,
            0.31614695778526525,
            0.29608326266172974,
            0.28096799594589167,
            0.26924560078988485,
            0.2598932145269084,
            0.25173371546734086,
            0.2448868960895126,
            0.23911885869710447,
            0.23462722780697678,
            0.23036181433021255,
            0.2265167049098693,
            0.22254184917877573,
            0.22003707857398488,
            0.21725290096395253,
            0.21467909656954023,
            0.2120869734321407,
            0.21032872415419585
        ]
    },
    "32": {
        "train_loss": [
            0.4686458076190706,
            0.37597728693843285,
            0.3245202439915446,
            0.2855493007619961,
            0.25641173490389874,
            0.23490778136102758,
            0.21843274194145174,
            0.20521264438852302,
            0.19417856580622336,
            0.1849956193768067,
            0.17741079952277156,
            0.17073813186928538,
            0.1651100876748363,
            0.15974492050474104,
            0.15539789467282805,
            0.15151565624130145,
            0.14787429418185738,
            0.14423753548903076,
            0.14078396389338732,
            0.13807363588592025
        ]
    },
    "64": {
        "train_loss": [
            0.462458331982642,
            0.3633705507576153,
            0.2944047606708362,
            0.23601229635777504,
            0.19298568908548425,
            0.16178862457148094,
            0.13815981217395248,
            0.11966290890882803,
            0.10494715439109228,
            0.09326239115809118,
            0.08317930344506996,
            0.07486251336042161,
            0.06775227253411564,
            0.06203385605080914,
            0.056848815733387216,
            0.051587254737781904,
            0.04810612313609216,
            0.04445117631012977,
            0.0413251929724346,
            0.03881793335323152
        ]
    }
}