{
    "1e-07": {
        "train_loss": [
            0.32721832930920214,
            0.2516825232521442,
            0.22894936039472388,
            0.21632471252724023,
            0.2077808351070733,
            0.20136674001370589,
            0.1965990956079612,
            0.19254003320036914,
            0.1890138242959004,
            0.18606469395005304,
            0.18342394443082422,
            0.18102389112056053,
            0.17886793063634338,
            0.17700316714247954,
            0.17531310541775746,
            0.17369180179801105,
            0.17212222116622125,
            0.17056739929736472,
            0.16923022766559956,
            0.16822383673438024
        ]
    },
    "1e-06": {
        "train_loss": [
            0.3290291921487051,
            0.2624528070785754,
            0.23946573969049353,
            0.2252244752392615,
            0.21549668745704328,
            0.20828383357464272,
            0.20302807171776244,
            0.19893069946320896,
            0.19561902250620433,
            0.192735943084675,
            0.19037569721085446,
            0.18835378865297167,
            0.18641178617945658,
            0.18470485643044082,
            0.18333004491259178,
            0.18207656919523355,
            0.18079785022261433,
            0.17977131241171934,
            0.17881851543463906,
            0.177974735598706
        ]
    },
    "1e-05": {
        "train_loss": [
            0.3540673027267607,
            0.3313944869218989,
            0.3117620388076995,
            0.3000692623005443,
            0.29189412549265265,
            0.2849654538215444,
            0.27979155465559924,
            0.27620846708954816,
            0.2731003082509344,
            0.2704532531940006,
            0.26789152141528033,
            0.26559081997502637,
            0.2638471118848572,
            0.262335356215274,
            0.2614157368558458,
            0.2605999773293487,
            0.2594137773466408,
            0.2584207721794011,
            0.2580796686429585,
            0.2576485516892404
        ]
    },
    "0.0001": {
        "train_loss": [
            0.3483850040972225,
            0.3336712161432878,
            0.318567501994011,
            0.3058805725163359,
            0.2972393967946907,
            0.29238326171315054,
            0.28984240099744046,
            0.2880121194692854,
            0.28654823665718226,
            0.28502944747434783,
            0.28385690334177666,
            0.28307209653426985,
            0.28239382121126766,
            0.28221190622170605,
            0.2817876895402917,
            0.2815481084238148,
            0.2813824705161598,
            0.2810453958178131,
            0.28133813938504953,
            0.28106684700282974
        ]
    },
    "0.001": {
        "train_loss": [
            0.3572023808956146,
            0.3434478128870055,
            0.342217920410706,
            0.34187373080529143,
            0.34211563978963183,
            0.3419609702724838,
            0.3419283634444716,
            0.34211991355772475,
            0.34218175733171474,
            0.3419455276207883,
            0.3422376915877049,
            0.3422181787981322,
            0.34194758922150253,
            0.34197484318140386,
            0.34190079204122953,
            0.34224698454840347,
            0.3420117783030755,
            0.3420186974525938,
            0.3420864421946436,
            0.3423312459516963
        ]
    }
}