{
    "0.05": {
        "train_loss": [
            0.33920438268910946,
            0.3125869651663332,
            0.2850699050762286,
            0.27197407146922675,
            0.26350872986733437,
            0.2571208343576179,
            0.25219160072331764,
            0.24790427684100483,
            0.24470540990319462,
            0.2421747104125139,
            0.24015544698920002,
            0.23862991546282936,
            0.23728923488762868,
            0.23613605449033825,
            0.2351479744919547,
            0.23445648940441213,
            0.23384251182877283,
            0.23303330194640273,
            0.2323687635860499,
            0.23225248485693492
        ]
    },
    "0.1": {
        "train_loss": [
            0.342361746988322,
            0.31777158089846863,
            0.29710663138020343,
            0.28419169937558864,
            0.27372369939832264,
            0.26735703600813804,
            0.263189494182675,
            0.25962786506522095,
            0.25650145452156814,
            0.2535210070997032,
            0.2512297955044881,
            0.249423809048628,
            0.2481402189549496,
            0.24700244519266754,
            0.24577184724859377,
            0.24499562001673336,
            0.244023005037281,
            0.24295674280568072,
            0.2421970765390796,
            0.24164440901564374
        ]
    },
    "0.2": {
        "train_loss": [
            0.3512916375682041,
            0.3307919729316382,
            0.31291774599122946,
            0.2991059806308468,
            0.2905923495009107,
            0.28378817709612536,
            0.27896253947642735,
            0.27523262012056493,
            0.2720332078883444,
            0.26954874785892036,
            0.26749078612758,
            0.265844497836795,
            0.2642782168136097,
            0.2628314229261649,
            0.261123960333913,
            0.26035014726102906,
            0.25931078166335325,
            0.2583530975411023,
            0.25751741031147535,
            0.2567168432734608
        ]
    },
    "0.3": {
        "train_loss": [
            0.35907143767145216,
            0.33977760001874635,
            0.3340587731584164,
            0.3203734327466006,
            0.3139049695212152,
            0.3087809000775106,
            0.3040375554864612,
            0.2988002786861588,
            0.29492600674704544,
            0.29222242999857495,
            0.29037649304164503,
            0.288579187014328,
            0.2876053522526648,
            0.28561101349041956,
            0.28460886209713365,
            0.2829857933903245,
            0.28156609342104005,
            0.280677509233441,
            0.2798936071308848,
            0.2789704653127495
        ]
    },
    "0.5": {
        "train_loss": [
            0.3897239856848156,
            0.36398296648035355,
            0.36025331791973003,
            0.35103740222379043,
            0.3431804485515601,
            0.3400932867286433,
            0.3368771633140174,
            0.3345658096413291,
            0.3312373399575025,
            0.3279930679494218,
            0.32526436530491215,
            0.3241260025661179,
            0.32337125450095516,
            0.3222092277556563,
            0.32184720625428126,
            0.32076895799488303,
            0.3204355748128946,
            0.31995087125974486,
            0.31921249337979435,
            0.318804785679489
        ]
    }
}