{
    "[64]": {
        "train_loss": [
            0.45379863808459286,
            0.38990332978756426,
            0.3565022828737882,
            0.3347408897202742,
            0.31931811682175476,
            0.30785819040408635,
            0.29836578437714856,
            0.29082900886218915,
            0.283971462701266,
            0.2785189678241618,
            0.2734048512657572,
            0.26870585829564164,
            0.26462451726951186,
            0.2610756290779666,
            0.25743810150901975,
            0.25416178318193716,
            0.2511442488767698,
            0.24889581129913885,
            0.24637799638288116,
            0.24415399712990943,
            0.24235477399133679,
            0.24026898276809666,
            0.2386235855940073,
            0.2368545318074168,
            0.23492454570606672
        ]
    },
    "[64, 32]": {
        "train_loss": [
            0.45697651440495246,
            0.38726326032831315,
            0.35548716711539563,
            0.33225268953350034,
            0.31449417125131185,
            0.30165936483045686,
            0.2910070709354942,
            0.2829122585530844,
            0.2757170283200535,
            0.2700817159883324,
            0.26464146906064534,
            0.2604500099213878,
            0.25669796322172705,
            0.2533923022942723,
            0.250154187188,
            0.24742498657395762,
            0.24481481499703572,
            0.24268229816499054,
            0.2402363451523033,
            0.23833770685202174,
            0.23691647712081487,
            0.23529285493922616,
            0.23358067075948202,
            0.2322089127508366,
            0.230656083060546
        ]
    },
    "[64, 32, 16]": {
        "train_loss": [
            0.4609549931534216,
            0.38463306286585797,
            0.34464906037905135,
            0.31880869111763965,
            0.2999956924524516,
            0.286035585371239,
            0.2746291862806341,
            0.26538640614223086,
            0.25770717461461884,
            0.25136731161864556,
            0.2454675439879566,
            0.24050377039619153,
            0.23648630401681076,
            0.23253344753441893,
            0.2291073086740348,
            0.22591930682639638,
            0.22311212541320907,
            0.22047805743984286,
            0.21841377258447592,
            0.21641600333496364,
            0.21410946759556465,
            0.2128096208563579,
            0.21094604975020168,
            0.20965132859606403,
            0.2079389226653514
        ]
    },
    "[64, 32, 16, 8]": {
        "train_loss": [
            0.4695804167794022,
            0.38388237776493733,
            0.3414961421445199,
            0.31765510809595815,
            0.3001972557312351,
            0.2865169252042984,
            0.2756707010870326,
            0.26685880573048193,
            0.2594869953568213,
            0.25304103409346085,
            0.2476813943046427,
            0.24293965135931722,
            0.23846267993227013,
            0.23514798302164938,
            0.23141442403142826,
            0.2286012808928595,
            0.22575010562926204,
            0.22327216312552076,
            0.22107778507230508,
            0.21873863346859324,
            0.21701312715229995,
            0.21477244091696,
            0.21349984965892885,
            0.2119713008543484,
            0.21026585606869086
        ]
    },
    "[128, 64, 32, 16, 8]": {
        "train_loss": [
            0.47082325480860593,
            0.3842892132932727,
            0.34543176715663443,
            0.3190292439456208,
            0.29812730018368555,
            0.28148544348282634,
            0.2685080385730961,
            0.2582163404328217,
            0.24953721336997903,
            0.24238270290767788,
            0.23605215920399694,
            0.2302082470534868,
            0.22542326748797345,
            0.22092109041999752,
            0.21676193166926122,
            0.2134680994590231,
            0.2105573645737996,
            0.207280877475024,
            0.2047150099770492,
            0.2023027802219778,
            0.1997217573657639,
            0.19817783781450882,
            0.19615893690698424,
            0.19449417579468609,
            0.19281316338080054
        ]
    },
    "[128, 64, 32, 16, 8, 4]": {
        "train_loss": [
            0.47948874742735104,
            0.39158489487753867,
            0.3603427907549367,
            0.3365640417558295,
            0.31658072338921833,
            0.30049444494472105,
            0.28699092471777643,
            0.2764747674289387,
            0.2678023553696835,
            0.2599409059348346,
            0.2543836905072381,
            0.24902307016968292,
            0.24423746665918675,
            0.24053181381444758,
            0.2370671292421512,
            0.23354454480742642,
            0.23094292811666975,
            0.22841483379194585,
            0.22632503027891707,
            0.2240775289550014,
            0.2217933150520674,
            0.21935931226156027,
            0.21796521730099425,
            0.21658689674566,
            0.21501444081126006
        ]
    }
}