{
    "1e-05": {
        "train_loss": [
            0.6560921265541604,
            0.5498976214233667,
            0.45732890284202676,
            0.4010009894265933,
            0.3793878555981304,
            0.3715804910368184,
            0.36678399142755463,
            0.36208908719490374,
            0.3581366036777846,
            0.35440636486866806,
            0.35152797449742296,
            0.3489046013458532,
            0.346563989109318,
            0.344613568128059,
            0.3432062689681496,
            0.34175774528161934,
            0.3405621660706465,
            0.33941123489817776,
            0.3383661471406948,
            0.33763288853578255
        ]
    },
    "5e-05": {
        "train_loss": [
            0.5493102513471064,
            0.35602379778127397,
            0.33723691931870775,
            0.3316697240680749,
            0.3285743362593156,
            0.3265506248631163,
            0.3246947771303972,
            0.3230257703686447,
            0.3206632814334143,
            0.3168846458492803,
            0.3120245656886364,
            0.3067079419458819,
            0.30181684747389553,
            0.29701767278250685,
            0.2926131109000467,
            0.2884945470556391,
            0.28415128159430364,
            0.28019704219299846,
            0.2774756021303103,
            0.2744731244455858
        ]
    },
    "0.0001": {
        "train_loss": [
            0.43788501483222486,
            0.3457496392072303,
            0.338550846310372,
            0.3350868033332299,
            0.33241174305027527,
            0.3294433092562951,
            0.3237408583468579,
            0.314310935581622,
            0.30733157413934414,
            0.3027836837796197,
            0.2985516701466506,
            0.2935290691301707,
            0.28797492037678785,
            0.2827222970625081,
            0.27788079042756064,
            0.2740941581406826,
            0.2703650642206812,
            0.26725949426565465,
            0.2645689337773602,
            0.26223396833101825
        ]
    },
    "0.0005": {
        "train_loss": [
            0.358318633886033,
            0.3289650146301149,
            0.309484128314745,
            0.29941376531894137,
            0.2889317860078137,
            0.280166186034444,
            0.2739367609890362,
            0.26982517072479806,
            0.26569486950777005,
            0.2630451148498558,
            0.259776451195755,
            0.25714098423783954,
            0.2547556730683768,
            0.2527915652139367,
            0.2513312804902461,
            0.2497317820677318,
            0.24876403807074968,
            0.24786254429281068,
            0.24705378568457986,
            0.2461674774903555
        ]
    },
    "0.001": {
        "train_loss": [
            0.35152106945044465,
            0.33110151332356336,
            0.31642901417305097,
            0.3035672137765068,
            0.2950366616385775,
            0.28813377812700314,
            0.28322970836211775,
            0.2794590453985224,
            0.2768277766477046,
            0.2747501100851694,
            0.2727949353107481,
            0.2713732661555749,
            0.2696296314264289,
            0.26782433609284173,
            0.26627483704064603,
            0.26527907396823924,
            0.26394319768953756,
            0.26295665117612627,
            0.26232966864765156,
            0.2615403265220403
        ]
    },
    "0.005": {
        "train_loss": [
            0.34653808093743804,
            0.3372203168394095,
            0.33557450265577,
            0.32391405258418376,
            0.31787478983599693,
            0.316507502283499,
            0.3126829054582983,
            0.3092119076883342,
            0.30741904279747984,
            0.30546455282339674,
            0.303324829337551,
            0.30220086163305937,
            0.30136504346723847,
            0.30082427267094813,
            0.30037371576371535,
            0.2997072874523907,
            0.29926475776025546,
            0.2990017379525513,
            0.2991688942921391,
            0.29874751820224366
        ]
    },
    "0.01": {
        "train_loss": [
            0.3558371057706603,
            0.34734988273526624,
            0.3468198610431967,
            0.3466386417151712,
            0.3467669282609269,
            0.34633626877798335,
            0.34589322451831944,
            0.3459312566424923,
            0.34585965154717446,
            0.3459389845282124,
            0.34595521059419293,
            0.3459087655580428,
            0.3458771555780499,
            0.3460687072182297,
            0.3460021110450649,
            0.34572746309562463,
            0.34606396451218446,
            0.346212253171952,
            0.3460784418588384,
            0.3459428067814242
        ]
    }
}