{
    "[64]": {
        "train_loss": [
            0.3322809537663127,
            0.2983863556107103,
            0.2808808223379389,
            0.27028182280498003,
            0.26280136332191134,
            0.25770774294782073,
            0.25362583125172217,
            0.24981382163805116,
            0.24632555993784308,
            0.24335576872572592,
            0.24109443003265002,
            0.23943785207334453,
            0.2379314127105378,
            0.23672092992920135,
            0.23600962508983833,
            0.23504059775146896,
            0.23415244513179773,
            0.23350502064021808,
            0.23296452207821375,
            0.23251771984403793
        ]
    },
    "[64, 32]": {
        "train_loss": [
            0.33653939847870834,
            0.32178365663291997,
            0.30164072220531113,
            0.2851787634694146,
            0.27571127950530067,
            0.26815929045789877,
            0.26316109071082866,
            0.25940763561539415,
            0.25662943891680673,
            0.25453234965793037,
            0.25237327478071403,
            0.250637435557311,
            0.24920635247157627,
            0.24773861536373376,
            0.24660101371755233,
            0.2455380179214848,
            0.24480224477742063,
            0.24416954701289142,
            0.2435255303498605,
            0.24278901091372532
        ]
    },
    "[64, 32, 16]": {
        "train_loss": [
            0.34284944258604644,
            0.3250846039422653,
            0.3063465459439569,
            0.2921661144837496,
            0.2818078398495696,
            0.27554740705206404,
            0.27164167592344446,
            0.26833058707629637,
            0.2659301889965619,
            0.2638603239446586,
            0.26184247447428605,
            0.259949929773967,
            0.2581531125783981,
            0.25623487568285863,
            0.25494895724335026,
            0.25310548858242227,
            0.25221588333969225,
            0.2511723521318021,
            0.2503349926421894,
            0.24977547128324465
        ]
    },
    "[64, 32, 16, 8]": {
        "train_loss": [
            0.34998709160646124,
            0.3298845312077918,
            0.31268852610263964,
            0.3023534159225056,
            0.2931746215516708,
            0.2846196185864374,
            0.2793141633541755,
            0.27575660684614794,
            0.2733471120375101,
            0.27071357793239353,
            0.2688842834082511,
            0.26700585787236153,
            0.2646019428252703,
            0.2629754409233861,
            0.2615221858153694,
            0.2600043120449068,
            0.2591430899337198,
            0.2581933893140888,
            0.25758990641421825,
            0.25703455511742085
        ]
    },
    "[128, 64, 32, 16, 8]": {
        "train_loss": [
            0.3520890167734094,
            0.32931765294869336,
            0.307558531348592,
            0.29422174172578214,
            0.28459614701925046,
            0.2761004958650628,
            0.27025899864379155,
            0.2663962696521719,
            0.2628728718245192,
            0.2599911699383589,
            0.2574759596247539,
            0.25556353934214576,
            0.2538805633103685,
            0.2529256986704491,
            0.25165034848415924,
            0.2506895926647512,
            0.24979346228346033,
            0.24956692677384684,
            0.2489500389799736,
            0.24848864104796678
        ]
    }
}