{
    "0.0001": {
        "train_loss": [
            0.5642517747142636,
            0.4725527510136925,
            0.46080864654823755,
            0.45337990622388624,
            0.4464604871819275,
            0.43781984529496754,
            0.4273562687785049,
            0.4166258769278531,
            0.40566124024374506,
            0.39530957911860803,
            0.3859629429803411,
            0.3771604281694199,
            0.36863621209949626,
            0.36042027905095675,
            0.3527521051071089,
            0.34574758937368705,
            0.33852475011750255,
            0.3323822544895356,
            0.3264841562818261,
            0.32017338799604506
        ]
    },
    "0.0005": {
        "train_loss": [
            0.49789289105949913,
            0.43382482740626777,
            0.3992826651875314,
            0.3722682691942445,
            0.3504080876996868,
            0.3325436870882085,
            0.31772167429986137,
            0.3051166574056087,
            0.29248298080072804,
            0.282288874326375,
            0.27180431089989904,
            0.26261846603506667,
            0.2550298443882663,
            0.24820102669338898,
            0.24252299860257134,
            0.2375197538950347,
            0.2327297450456689,
            0.22850213594992727,
            0.22479707311837682,
            0.22167326797132533
        ]
    },
    "0.001": {
        "train_loss": [
            0.4783946735483145,
            0.3996731666087498,
            0.3612824718858236,
            0.33458574371922006,
            0.314085978774332,
            0.29791776667824615,
            0.28465015872777893,
            0.27388885316107814,
            0.2650034843426414,
            0.2572370580417374,
            0.2516572095778089,
            0.24584022576766504,
            0.24086913444672384,
            0.2366323473768307,
            0.23273065417749297,
            0.2292787894573445,
            0.22591533336917446,
            0.22376430779458759,
            0.22078665989635482,
            0.21867626837730256
        ]
    },
    "0.005": {
        "train_loss": [
            0.45974904279368695,
            0.3761135766079663,
            0.34581408533911345,
            0.33174581921854435,
            0.3231468213468193,
            0.3168578098454398,
            0.3117947420469344,
            0.3071936798978314,
            0.3033639306600866,
            0.29949331682259445,
            0.29673201357575874,
            0.29391387538243974,
            0.2916137175282335,
            0.2893204871182749,
            0.28725616665616804,
            0.28537191949195245,
            0.2836098759457313,
            0.2819079044492502,
            0.28030568955529483,
            0.2790982915194481
        ]
    }
}