{
    "0.05": {
        "train_loss": [
            0.458163597209454,
            0.386488972877293,
            0.3462583558270156,
            0.31918931045745147,
            0.2994538840648197,
            0.2845101434410082,
            0.27252566543772244,
            0.26241283350068134,
            0.25401799142213877,
            0.24709281786961337,
            0.24088683954444348,
            0.23541378023612866,
            0.23096631966020995,
            0.22717267454816562,
            0.22287354085179442,
            0.21971000880405517,
            0.217322968967092,
            0.21441635602649173,
            0.21217972152296205,
            0.2097964284720452,
            0.2076542430252296,
            0.2057595080098893,
            0.20415428766130397,
            0.20219516586977027,
            0.20087525451811286,
            0.19935843105793907,
            0.19853058624192751,
            0.19719163792871736,
            0.19612474305634844,
            0.19492812018179087
        ]
    },
    "0.1": {
        "train_loss": [
            0.46029045839255134,
            0.3812488620509106,
            0.34106846543491576,
            0.3161445185672341,
            0.29755258200260676,
            0.282928522530012,
            0.2715361882886162,
            0.2621355714184973,
            0.2537768442339422,
            0.2468802933968176,
            0.24087873818232944,
            0.2357825723883838,
            0.23109447010940046,
            0.22684220698079452,
            0.2233370015643041,
            0.21984966541584963,
            0.2172930159731982,
            0.2141249936737621,
            0.21176348791419086,
            0.20932425160642346,
            0.20799450731757674,
            0.20547226333720456,
            0.20404499242946222,
            0.20257651965473786,
            0.20136557150044312,
            0.19958930112623968,
            0.19800595612863506,
            0.196869256532232,
            0.1959368289961414,
            0.1948128186039604
        ]
    },
    "0.2": {
        "train_loss": [
            0.4709568948628659,
            0.3808431141877637,
            0.3413079758431486,
            0.3179474427393921,
            0.300528600459142,
            0.2868042541775854,
            0.2761569510847591,
            0.2672304009952701,
            0.25952048285737167,
            0.2529665644558988,
            0.2477488432611738,
            0.2426556017579552,
            0.23850278893535096,
            0.23470746490073738,
            0.23121918817804782,
            0.22837594560787483,
            0.22526777244781096,
            0.22293109314990653,
            0.22070323057376806,
            0.21869803715278818,
            0.21657458052391962,
            0.2145428049491904,
            0.2129796133624547,
            0.21095219944498222,
            0.2097227903597688,
            0.208346263582919,
            0.20694203963794788,
            0.2055435735260514,
            0.20439673033888495,
            0.2030574243646556
        ]
    },
    "0.3": {
        "train_loss": [
            0.4756520363990139,
            0.39069420054742005,
            0.3551272640788231,
            0.3312264016739007,
            0.3130548050345629,
            0.2991579718261498,
            0.28785914672106794,
            0.27925649176156525,
            0.27233239089137473,
            0.2661980842390368,
            0.2616851218737367,
            0.25691317990078905,
            0.25332582977818097,
            0.2500152740347524,
            0.24686669213757992,
            0.24429509123846777,
            0.24218456581739292,
            0.23983561984949606,
            0.2379092513572501,
            0.23581935915235835,
            0.23402086221985194,
            0.23251420270131234,
            0.23069013171424818,
            0.22904766385319048,
            0.22770301691492809,
            0.22645070037501008,
            0.22518439024767323,
            0.22390230050810414,
            0.2227684440499418,
            0.2218285462406582
        ]
    },
    "0.5": {
        "train_loss": [
            0.4909775484191695,
            0.3983088279450506,
            0.3626892932804783,
            0.33984197990875,
            0.32175874048493236,
            0.3068045669006047,
            0.29493585386858556,
            0.28609160254902555,
            0.2792714052239719,
            0.2736430695979258,
            0.26919509028732047,
            0.2653219261609673,
            0.2620581491974187,
            0.25916502298099064,
            0.2568764926724511,
            0.2544473601511376,
            0.2522554770408024,
            0.2505482040723348,
            0.24906773798093118,
            0.24732594229795965,
            0.2458381001353169,
            0.24449238961453887,
            0.24317155463359663,
            0.2422277293560635,
            0.24118059848718038,
            0.239758029496056,
            0.23913448644677957,
            0.23797469928176343,
            0.2371074590312834,
            0.23632301428767735
        ]
    }
}