{
    "8": {
        "train_loss": [
            0.3529301145161348,
            0.32998741101172185,
            0.3125273036412303,
            0.30435250180096274,
            0.2984355197110469,
            0.2918626718789791,
            0.28493016818508643,
            0.2801978139189918,
            0.2769457512273046,
            0.2752252211880875,
            0.27400604431485504,
            0.2727735104424465,
            0.27177493716937173,
            0.271072125063533,
            0.27078755470252613,
            0.27028914309866275,
            0.2694544844990977,
            0.26932882061086955,
            0.26876858962138056,
            0.26846319669780494
        ]
    },
    "16": {
        "train_loss": [
            0.34788220965348926,
            0.3302367178174793,
            0.3114705542490458,
            0.29562816404661474,
            0.2856981365513477,
            0.28004899226126206,
            0.2761365981056578,
            0.2731028926711976,
            0.27003962464667625,
            0.2682677697495209,
            0.2660617979127353,
            0.26434340072537793,
            0.2623502074787458,
            0.26088324647099215,
            0.26004122673196994,
            0.2590072117807577,
            0.25794238593452584,
            0.25696312672303034,
            0.25630089526518784,
            0.25597009649207175
        ]
    },
    "32": {
        "train_loss": [
            0.35065778922102137,
            0.329124849994466,
            0.30988807321460493,
            0.2986890991006114,
            0.2894808661483598,
            0.2828358709185666,
            0.27761642770989564,
            0.27382171031570324,
            0.270624558750437,
            0.26797028975261067,
            0.26541415696987636,
            0.26352975953307206,
            0.2617928055456177,
            0.26052707513056983,
            0.2589201953744779,
            0.25833533893179506,
            0.2573614481706986,
            0.2566619848753938,
            0.2562460947061803,
            0.2555344723860828
        ]
    },
    "64": {
        "train_loss": [
            0.3569700733360659,
            0.33657717348048755,
            0.31787156582197607,
            0.3048079096465251,
            0.29463940683421486,
            0.2883656018838744,
            0.28425987083633353,
            0.2805562293963123,
            0.27711643869405433,
            0.2739246949156708,
            0.27180670828846004,
            0.26934528856584866,
            0.26731521850490986,
            0.2660627418573472,
            0.2646748123426835,
            0.26354036650766705,
            0.26246668128986117,
            0.2615676064057052,
            0.2606607111172549,
            0.2598165593768916
        ]
    }
}